Status,Country,Email
SUCCESS,Afghanistan,nickchigg+Afghanistan@gmail.com
SUCCESS,Albania,nickchigg+Albania@gmail.com
SUCCESS,Algeria,nickchigg+Algeria@gmail.com
SUCCESS,Andorra,nickchigg+Andorra@gmail.com
SUCCESS,Angola,nickchigg+Angola@gmail.com
SUCCESS,Anguilla,nickchigg+Anguilla@gmail.com
SUCCESS,Antarctica,nickchigg+Antarctica@gmail.com
SUCCESS,Antigua & Barbuda,nickchigg+Antigua&Barbuda@gmail.com
SUCCESS,Argentina,nickchigg+Argentina@gmail.com
SUCCESS,Armenia,nickchigg+Armenia@gmail.com
SUCCESS,Aruba,nickchigg+Aruba@gmail.com
SUCCESS,Australia,nickchigg+Australia@gmail.com
SUCCESS,Austria,nickchigg+Austria@gmail.com
SUCCESS,Azerbaijan,nickchigg+Azerbaijan@gmail.com
SUCCESS,Bahamas,nickchigg+Bahamas@gmail.com
SUCCESS,Bahrain,nickchigg+Bahrain@gmail.com
SUCCESS,Bangladesh,nickchigg+Bangladesh@gmail.com
SUCCESS,Barbados,nickchigg+Barbados@gmail.com
SUCCESS,Belgium,nickchigg+Belgium@gmail.com
SUCCESS,Belize,nickchigg+Belize@gmail.com
SUCCESS,Benin,nickchigg+Benin@gmail.com
SUCCESS,Bhutan,nickchigg+Bhutan@gmail.com
SUCCESS,Bolivia,nickchigg+Bolivia@gmail.com
SUCCESS,Bosnia and Herzegovina,nickchigg+BosniaandHerzegovina@gmail.com
SUCCESS,Botswana,nickchigg+Botswana@gmail.com
SUCCESS,Bouvet Island,nickchigg+BouvetIsland@gmail.com
SUCCESS,Brazil,nickchigg+Brazil@gmail.com
SUCCESS,British Indian Ocean Territory,nickchigg+BritishIndianOceanTerritory@gmail.com
SUCCESS,British Virgin Islands,nickchigg+BritishVirginIslands@gmail.com
SUCCESS,Brunei,nickchigg+Brunei@gmail.com
SUCCESS,Bulgaria,nickchigg+Bulgaria@gmail.com
SUCCESS,Burundi,nickchigg+Burundi@gmail.com
SUCCESS,Cambodia,nickchigg+Cambodia@gmail.com
SUCCESS,Cameroon,nickchigg+Cameroon@gmail.com
SUCCESS,Canada,nickchigg+Canada@gmail.com
SUCCESS,Cape Verde,nickchigg+CapeVerde@gmail.com
SUCCESS,Cayman Islands,nickchigg+CaymanIslands@gmail.com
SUCCESS,Central African Republic,nickchigg+CentralAfricanRepublic@gmail.com
SUCCESS,Chad,nickchigg+Chad@gmail.com
SUCCESS,Chile,nickchigg+Chile@gmail.com
SUCCESS,China,nickchigg+China@gmail.com
SUCCESS,Christmas Island,nickchigg+ChristmasIsland@gmail.com
SUCCESS,Cocos (Keeling) Islands,nickchigg+Cocos(Keeling)Islands@gmail.com
SUCCESS,Colombia,nickchigg+Colombia@gmail.com
SUCCESS,Comoros,nickchigg+Comoros@gmail.com
SUCCESS,Cook Islands,nickchigg+CookIslands@gmail.com
SUCCESS,Costa Rica,nickchigg+CostaRica@gmail.com
SUCCESS,Cote d'Ivoire,nickchigg+Coted'Ivoire@gmail.com
SUCCESS,Croatia,nickchigg+Croatia@gmail.com
SUCCESS,Curaçao,nickchigg+Curaçao@gmail.com
SUCCESS,Czech Republic,nickchigg+CzechRepublic@gmail.com
SUCCESS,Denmark,nickchigg+Denmark@gmail.com
SUCCESS,Djibouti,nickchigg+Djibouti@gmail.com
SUCCESS,Dominica,nickchigg+Dominica@gmail.com
SUCCESS,Dominican Republic,nickchigg+DominicanRepublic@gmail.com
SUCCESS,Ecuador,nickchigg+Ecuador@gmail.com
SUCCESS,Egypt,nickchigg+Egypt@gmail.com
SUCCESS,El Salvador,nickchigg+ElSalvador@gmail.com
SUCCESS,Equatorial Guinea,nickchigg+EquatorialGuinea@gmail.com
SUCCESS,Eritrea,nickchigg+Eritrea@gmail.com
SUCCESS,Estonia,nickchigg+Estonia@gmail.com
SUCCESS,Eswatini,nickchigg+Eswatini@gmail.com
SUCCESS,Ethiopia,nickchigg+Ethiopia@gmail.com
SUCCESS,Falkland Islands,nickchigg+FalklandIslands@gmail.com
SUCCESS,Faroe Islands,nickchigg+FaroeIslands@gmail.com
SUCCESS,Fiji,nickchigg+Fiji@gmail.com
SUCCESS,French Guiana,nickchigg+FrenchGuiana@gmail.com
SUCCESS,French Polynesia,nickchigg+FrenchPolynesia@gmail.com
SUCCESS,French Southern Territories,nickchigg+FrenchSouthernTerritories@gmail.com
SUCCESS,Gabon,nickchigg+Gabon@gmail.com
SUCCESS,Gambia,nickchigg+Gambia@gmail.com
SUCCESS,Georgia,nickchigg+Georgia@gmail.com
SUCCESS,Germany,nickchigg+Germany@gmail.com
SUCCESS,Ghana,nickchigg+Ghana@gmail.com
SUCCESS,Gibraltar,nickchigg+Gibraltar@gmail.com
SUCCESS,Greece,nickchigg+Greece@gmail.com
SUCCESS,Greenland,nickchigg+Greenland@gmail.com
SUCCESS,Grenada,nickchigg+Grenada@gmail.com
SUCCESS,Guadeloupe,nickchigg+Guadeloupe@gmail.com
SUCCESS,Guatemala,nickchigg+Guatemala@gmail.com
SUCCESS,Guinea,nickchigg+Guinea@gmail.com
SUCCESS,Guinea-Bissau,nickchigg+Guinea-Bissau@gmail.com
SUCCESS,Guyana,nickchigg+Guyana@gmail.com
SUCCESS,Heard Island and McDonald Islands,nickchigg+HeardIslandandMcDonaldIslands@gmail.com
SUCCESS,Honduras,nickchigg+Honduras@gmail.com
SUCCESS,Hong Kong,nickchigg+HongKong@gmail.com
SUCCESS,Hungary,nickchigg+Hungary@gmail.com
SUCCESS,Iceland,nickchigg+Iceland@gmail.com
SUCCESS,India,nickchigg+India@gmail.com
SUCCESS,Indonesia,nickchigg+Indonesia@gmail.com
SUCCESS,Ireland,nickchigg+Ireland@gmail.com
SUCCESS,Israel,nickchigg+Israel@gmail.com
SUCCESS,Italy,nickchigg+Italy@gmail.com
SUCCESS,Jamaica,nickchigg+Jamaica@gmail.com
SUCCESS,Jersey,nickchigg+Jersey@gmail.com
SUCCESS,Jordan,nickchigg+Jordan@gmail.com
SUCCESS,Kazakhstan,nickchigg+Kazakhstan@gmail.com
SUCCESS,Kenya,nickchigg+Kenya@gmail.com
SUCCESS,Kiribati,nickchigg+Kiribati@gmail.com
SUCCESS,Kuwait,nickchigg+Kuwait@gmail.com
SUCCESS,Kyrgyzstan,nickchigg+Kyrgyzstan@gmail.com
SUCCESS,Laos,nickchigg+Laos@gmail.com
SUCCESS,Latvia,nickchigg+Latvia@gmail.com
SUCCESS,Lebanon,nickchigg+Lebanon@gmail.com
SUCCESS,Lesotho,nickchigg+Lesotho@gmail.com
SUCCESS,Liberia,nickchigg+Liberia@gmail.com
SUCCESS,Libya,nickchigg+Libya@gmail.com
SUCCESS,Liechtenstein,nickchigg+Liechtenstein@gmail.com
SUCCESS,Lithuania,nickchigg+Lithuania@gmail.com
SUCCESS,Luxembourg,nickchigg+Luxembourg@gmail.com
SUCCESS,Macao,nickchigg+Macao@gmail.com
SUCCESS,Madagascar,nickchigg+Madagascar@gmail.com
SUCCESS,Malawi,nickchigg+Malawi@gmail.com
SUCCESS,Malaysia,nickchigg+Malaysia@gmail.com
SUCCESS,Maldives,nickchigg+Maldives@gmail.com
SUCCESS,Mali,nickchigg+Mali@gmail.com
SUCCESS,Malta,nickchigg+Malta@gmail.com
SUCCESS,Martinique,nickchigg+Martinique@gmail.com
SUCCESS,Mauritania,nickchigg+Mauritania@gmail.com
SUCCESS,Mauritius,nickchigg+Mauritius@gmail.com
SUCCESS,Mayotte,nickchigg+Mayotte@gmail.com
SUCCESS,Mexico,nickchigg+Mexico@gmail.com
SUCCESS,Micronesia,nickchigg+Micronesia@gmail.com
SUCCESS,Moldova,nickchigg+Moldova@gmail.com
SUCCESS,Monaco,nickchigg+Monaco@gmail.com
SUCCESS,Mongolia,nickchigg+Mongolia@gmail.com
SUCCESS,Montenegro,nickchigg+Montenegro@gmail.com
SUCCESS,Montserrat,nickchigg+Montserrat@gmail.com
SUCCESS,Morocco,nickchigg+Morocco@gmail.com
SUCCESS,Mozambique,nickchigg+Mozambique@gmail.com
SUCCESS,Namibia,nickchigg+Namibia@gmail.com
SUCCESS,Nauru,nickchigg+Nauru@gmail.com
SUCCESS,Nepal,nickchigg+Nepal@gmail.com
SUCCESS,Netherlands,nickchigg+Netherlands@gmail.com
SUCCESS,New Caledonia,nickchigg+NewCaledonia@gmail.com
SUCCESS,New Zealand,nickchigg+NewZealand@gmail.com
SUCCESS,Nicaragua,nickchigg+Nicaragua@gmail.com
SUCCESS,Niger,nickchigg+Niger@gmail.com
SUCCESS,Nigeria,nickchigg+Nigeria@gmail.com
SUCCESS,Niue,nickchigg+Niue@gmail.com
SUCCESS,Norfolk Island,nickchigg+NorfolkIsland@gmail.com
SUCCESS,North Macedonia,nickchigg+NorthMacedonia@gmail.com
SUCCESS,Norway,nickchigg+Norway@gmail.com
SUCCESS,Oman,nickchigg+Oman@gmail.com
SUCCESS,Pakistan,nickchigg+Pakistan@gmail.com
SUCCESS,Palau,nickchigg+Palau@gmail.com
SUCCESS,Palestine,nickchigg+Palestine@gmail.com
SUCCESS,Panama,nickchigg+Panama@gmail.com
SUCCESS,Papua New Guinea,nickchigg+PapuaNewGuinea@gmail.com
SUCCESS,Paraguay,nickchigg+Paraguay@gmail.com
SUCCESS,Peru,nickchigg+Peru@gmail.com
SUCCESS,Philippines,nickchigg+Philippines@gmail.com
SUCCESS,Pitcairn,nickchigg+Pitcairn@gmail.com
SUCCESS,Poland,nickchigg+Poland@gmail.com
SUCCESS,Qatar,nickchigg+Qatar@gmail.com
SUCCESS,Reunion,nickchigg+Reunion@gmail.com
SUCCESS,Romania,nickchigg+Romania@gmail.com
SUCCESS,Rwanda,nickchigg+Rwanda@gmail.com
SUCCESS,Saint Helena, Ascension and Tristan da Cunha,nickchigg+SaintHelena,AscensionandTristandaCunha@gmail.com
SUCCESS,Saint Kitts and Nevis,nickchigg+SaintKittsandNevis@gmail.com
SUCCESS,Saint Lucia,nickchigg+SaintLucia@gmail.com
SUCCESS,Saint Pierre and Miquelon,nickchigg+SaintPierreandMiquelon@gmail.com
SUCCESS,Saint Vincent and the Grenadines,nickchigg+SaintVincentandtheGrenadines@gmail.com
SUCCESS,San Marino,nickchigg+SanMarino@gmail.com
SUCCESS,São Tomé & Príncipe,nickchigg+SãoTomé&Príncipe@gmail.com
SUCCESS,Saudi Arabia,nickchigg+SaudiArabia@gmail.com
SUCCESS,Serbia,nickchigg+Serbia@gmail.com
SUCCESS,Seychelles,nickchigg+Seychelles@gmail.com
SUCCESS,Sierra Leone,nickchigg+SierraLeone@gmail.com
SUCCESS,Singapore,nickchigg+Singapore@gmail.com
SUCCESS,Sint Maarten,nickchigg+SintMaarten@gmail.com
SUCCESS,Slovakia,nickchigg+Slovakia@gmail.com
SUCCESS,Slovenia,nickchigg+Slovenia@gmail.com
SUCCESS,Solomon Islands,nickchigg+SolomonIslands@gmail.com
SUCCESS,Somalia,nickchigg+Somalia@gmail.com
SUCCESS,South Georgia & South Sandwich Islands,nickchigg+SouthGeorgia&SouthSandwichIslands@gmail.com
SUCCESS,South Korea,nickchigg+SouthKorea@gmail.com
SUCCESS,Spain,nickchigg+Spain@gmail.com
SUCCESS,Sri Lanka,nickchigg+SriLanka@gmail.com
SUCCESS,St. Martin,nickchigg+St.Martin@gmail.com
SUCCESS,Suriname,nickchigg+Suriname@gmail.com
SUCCESS,Svalbard & Jan Mayen,nickchigg+Svalbard&JanMayen@gmail.com
SUCCESS,Sweden,nickchigg+Sweden@gmail.com
SUCCESS,Switzerland,nickchigg+Switzerland@gmail.com
SUCCESS,Taiwan,nickchigg+Taiwan@gmail.com
SUCCESS,Tajikistan,nickchigg+Tajikistan@gmail.com
SUCCESS,Tanzania,nickchigg+Tanzania@gmail.com
SUCCESS,Thailand,nickchigg+Thailand@gmail.com
SUCCESS,Timor-Leste,nickchigg+Timor-Leste@gmail.com
SUCCESS,Togo,nickchigg+Togo@gmail.com
SUCCESS,Tokelau,nickchigg+Tokelau@gmail.com
SUCCESS,Tonga,nickchigg+Tonga@gmail.com
SUCCESS,Trinidad & Tobago,nickchigg+Trinidad&Tobago@gmail.com
SUCCESS,Tunisia,nickchigg+Tunisia@gmail.com
SUCCESS,Turkey,nickchigg+Turkey@gmail.com
SUCCESS,Turkmenistan,nickchigg+Turkmenistan@gmail.com
SUCCESS,Turks & Caicos Islands,nickchigg+Turks&CaicosIslands@gmail.com
SUCCESS,Tuvalu,nickchigg+Tuvalu@gmail.com
SUCCESS,Uganda,nickchigg+Uganda@gmail.com
SUCCESS,United Arab Emirates,nickchigg+UnitedArabEmirates@gmail.com
SUCCESS,United Kingdom,nickchigg+UnitedKingdom@gmail.com
SUCCESS,Uruguay,nickchigg+Uruguay@gmail.com
SUCCESS,Uzbekistan,nickchigg+Uzbekistan@gmail.com
SUCCESS,Vatican City,nickchigg+VaticanCity@gmail.com
SUCCESS,Venezuela,nickchigg+Venezuela@gmail.com
FAIL,Vietnam,nickchigg+Vietnam@gmail.com
SUCCESS,Wallis & Futuna,nickchigg+Wallis&Futuna@gmail.com
SUCCESS,Zambia,nickchigg+Zambia@gmail.com
